{
  "corpus_stats": {
    "n_inscriptions": 4325,
    "n_tokens": 15168,
    "n_types": 698,
    "type_token_ratio": 0.046,
    "hapax_count": 218,
    "hapax_fraction": 0.3123,
    "h1_nats": 4.9155,
    "h1_normalized": 0.7507,
    "zipf_exponent": 1.5191,
    "mean_inscription_length": 3.507,
    "max_inscription_length": 17,
    "top_10_signs": [
      [
        "32",
        876
      ],
      [
        "220",
        602
      ],
      [
        "2",
        477
      ],
      [
        "400",
        450
      ],
      [
        "240",
        446
      ],
      [
        "1",
        368
      ],
      [
        "33",
        359
      ],
      [
        "60",
        352
      ],
      [
        "31",
        333
      ],
      [
        "235",
        325
      ]
    ]
  },
  "positional_analysis": {
    "nwsp_classification": {
      "TMK": 3,
      "INITIAL": 2,
      "ITM": 9,
      "MED": 242,
      "CON": 61
    },
    "top_tmk_signs": [
      {
        "sign": "96",
        "terminal_rate": 0.75,
        "total": 4
      },
      {
        "sign": "19",
        "terminal_rate": 0.6667,
        "total": 6
      },
      {
        "sign": "710",
        "terminal_rate": 0.6,
        "total": 5
      }
    ],
    "top_initial_signs": [
      {
        "sign": "752",
        "initial_rate": 0.5962,
        "total": 52
      },
      {
        "sign": "158",
        "initial_rate": 0.5686,
        "total": 51
      }
    ]
  },
  "tmk_bigram_validation": {
    "total_bigrams": 10843,
    "tmk_in_second_position": 84,
    "tmk_second_rate": 0.0077,
    "expected_by_chance": 0.021,
    "tmk_advantage": -0.0133,
    "top10_second_signs_are_tmk": 0,
    "interpretation": "DOES NOT SUPPORT suffix hypothesis"
  },
  "word_structure_typology": {
    "observed_length_distribution": {
      "1": 0.2436994219653179,
      "2": 0.22751445086705202,
      "3": 0.022890173410404623,
      "4": 0.18658959537572253,
      "5": 0.12208092485549132,
      "6": 0.09895953757225434,
      "7": 0.05086705202312139,
      "8": 0.020346820809248555,
      "9": 0.013872832369942197,
      "10": 0.006242774566473989,
      "11": 0.004393063583815029,
      "12": 0.0006936416184971098,
      "13": 0.0009248554913294797,
      "15": 0.0006936416184971098,
      "17": 0.00023121387283236994
    },
    "mean_length": 3.507,
    "kl_divergences": {
      "Proto-Dravidian": 0.5544,
      "Vedic Sanskrit": 0.4024,
      "Luwian/Anatolian": 0.4692,
      "Mycenaean Greek": 0.3783,
      "Proto-Semitic": 0.4302,
      "Sumerian": 0.442
    },
    "ranking": [
      {
        "language": "Mycenaean Greek",
        "kl_divergence": 0.3783
      },
      {
        "language": "Vedic Sanskrit",
        "kl_divergence": 0.4024
      },
      {
        "language": "Proto-Semitic",
        "kl_divergence": 0.4302
      },
      {
        "language": "Sumerian",
        "kl_divergence": 0.442
      },
      {
        "language": "Luwian/Anatolian",
        "kl_divergence": 0.4692
      },
      {
        "language": "Proto-Dravidian",
        "kl_divergence": 0.5544
      }
    ],
    "winner": "Mycenaean Greek",
    "winner_kl": 0.3783,
    "method": "KL-divergence of inscription-length distribution vs language profiles"
  },
  "site_breakdown": {
    "Harappa": {
      "n_inscriptions": 1774,
      "n_tokens": 6264,
      "n_sign_types": 418,
      "mean_length": 3.53,
      "h1_normalized": 0.7473
    },
    "Mohenjo-Daro": {
      "n_inscriptions": 1710,
      "n_tokens": 6416,
      "n_sign_types": 524,
      "mean_length": 3.75,
      "h1_normalized": 0.7826
    },
    "Dholavira": {
      "n_inscriptions": 183,
      "n_tokens": 468,
      "n_sign_types": 144,
      "mean_length": 2.56,
      "h1_normalized": 0.886
    },
    "Lothal": {
      "n_inscriptions": 170,
      "n_tokens": 553,
      "n_sign_types": 142,
      "mean_length": 3.25,
      "h1_normalized": 0.8657
    },
    "Kalibangan": {
      "n_inscriptions": 143,
      "n_tokens": 375,
      "n_sign_types": 142,
      "mean_length": 2.62,
      "h1_normalized": 0.8965
    },
    "Chanhu-Daro": {
      "n_inscriptions": 61,
      "n_tokens": 289,
      "n_sign_types": 101,
      "mean_length": 4.74,
      "h1_normalized": 0.8467
    },
    "Unknown": {
      "n_inscriptions": 36,
      "n_tokens": 130,
      "n_sign_types": 80,
      "mean_length": 3.61,
      "h1_normalized": 0.9603
    },
    "Banawali": {
      "n_inscriptions": 22,
      "n_tokens": 52,
      "n_sign_types": 39,
      "mean_length": 2.36,
      "h1_normalized": 0.9448
    },
    "Nausharo": {
      "n_inscriptions": 22,
      "n_tokens": 56,
      "n_sign_types": 38,
      "mean_length": 2.55,
      "h1_normalized": 0.9529
    },
    "Nindowari-Damb": {
      "n_inscriptions": 20,
      "n_tokens": 55,
      "n_sign_types": 36,
      "mean_length": 2.75,
      "h1_normalized": 0.9446
    },
    "Tigrana": {
      "n_inscriptions": 15,
      "n_tokens": 54,
      "n_sign_types": 39,
      "mean_length": 3.6,
      "h1_normalized": 0.9548
    },
    "Altyn Depe": {
      "n_inscriptions": 14,
      "n_tokens": 47,
      "n_sign_types": 33,
      "mean_length": 3.36,
      "h1_normalized": 0.9377
    },
    "Lakhanjo-Daro": {
      "n_inscriptions": 14,
      "n_tokens": 24,
      "n_sign_types": 18,
      "mean_length": 1.71,
      "h1_normalized": 0.9596
    },
    "Baror": {
      "n_inscriptions": 13,
      "n_tokens": 28,
      "n_sign_types": 19,
      "mean_length": 2.15,
      "h1_normalized": 0.9509
    },
    "Rappwala Ther": {
      "n_inscriptions": 13,
      "n_tokens": 34,
      "n_sign_types": 25,
      "mean_length": 2.62,
      "h1_normalized": 0.972
    },
    "Karzakan": {
      "n_inscriptions": 13,
      "n_tokens": 54,
      "n_sign_types": 38,
      "mean_length": 4.15,
      "h1_normalized": 0.9545
    },
    "Farmana": {
      "n_inscriptions": 12,
      "n_tokens": 29,
      "n_sign_types": 23,
      "mean_length": 2.42,
      "h1_normalized": 0.9825
    },
    "Kanmer": {
      "n_inscriptions": 12,
      "n_tokens": 21,
      "n_sign_types": 14,
      "mean_length": 1.75,
      "h1_normalized": 0.9002
    },
    "Naru-Waro-Dharo": {
      "n_inscriptions": 11,
      "n_tokens": 26,
      "n_sign_types": 20,
      "mean_length": 2.36,
      "h1_normalized": 0.9563
    },
    "Salut": {
      "n_inscriptions": 11,
      "n_tokens": 27,
      "n_sign_types": 20,
      "mean_length": 2.45,
      "h1_normalized": 0.9673
    },
    "Susa": {
      "n_inscriptions": 11,
      "n_tokens": 30,
      "n_sign_types": 22,
      "mean_length": 2.73,
      "h1_normalized": 0.9602
    },
    "Gonur Depe": {
      "n_inscriptions": 10,
      "n_tokens": 36,
      "n_sign_types": 29,
      "mean_length": 3.6,
      "h1_normalized": 0.9755
    }
  },
  "notes": {
    "data_source": "Reconstructed from Fuls (2023) Kindle TXT exports",
    "sign_ordering": "Probabilistic (initial_rate->first, terminal_rate->last)",
    "n_inscriptions": 4325,
    "n_tokens": 15168,
    "caveat": "True ordering requires PDF version or direct ICIT database access"
  }
}