{
  "H1": 5.946726,
  "H1_normalised": 0.715363,
  "H1_types": 318,
  "H2": 10.359067,
  "H2_normalised": 0.93166,
  "H2_types": 2224,
  "H3": 11.971378,
  "H3_normalised": 0.99573,
  "H3_types": 4161,
  "H4": 12.133147,
  "H4_normalised": 0.999868,
  "H4_types": 4497,
  "H2_H1_ratio": 1.741978,
  "linguistic_classification": "linguistic"
}