{
  "json": {
    "a__p122_rank": 0.82,
    "a__p385_rank": 0.88,
    "a__bigram_compatibility": 0.844,
    "a__morpheme_confidence": 0.7050000000000001,
    "a__genitive_score": 0.7328000000000001,
    "a__combined_confidence": 0.7661600000000001,
    "b": true,
    "c": 0.0
  }
}